user_id,full_name,city,gender,age
1,Emily Johnson,Phoenix,female,29
2,Michael Williams,Houston,male,36
3,Sophia Brown,Washington,female,43
4,James Davis,Seattle,male,46
5,Emma Miller,Jacksonville,female,31
6,Olivia Wilson,Fort Worth,female,23
7,Alexander Jones,Indianapolis,male,39
8,Ava Taylor,Fort Worth,female,28
9,Ethan Martinez,San Antonio,male,34
10,Isabella Anderson,New York,female,32
11,Liam Garcia,Denver,male,30
12,Mia Rodriguez,Jacksonville,female,25
13,Noah Hernandez,New York,male,41
14,Charlotte Lopez,Columbus,female,37
15,William Gonzalez,San Jose,male,33
16,Avery Perez,Columbus,female,26
17,Evelyn Sanchez,San Diego,female,38
18,Logan Torres,Columbus,male,32
19,Abigail Rivera,Chicago,female,29
20,Jackson Evans,New York,male,35
21,Madison Collins,Philadelphia,female,27
22,Elijah Stewart,Columbus,male,34
23,Chloe Morales,Dallas,female,40
24,Mateo Nguyen,Columbus,male,31
25,Harper Kelly,Philadelphia,female,28
26,Evelyn Gonzalez,Dallas,female,36
27,Daniel Cook,Los Angeles,male,42
28,Lily Lee,Phoenix,female,30
29,Henry Hill,Indianapolis,male,39
30,Addison Wright,San Francisco,female,33
